1. Dag Ahren (ahren-dag)
2. Anders Albrechtsen (albrechtsen-anders)
3. Jeff Almeida-King (almeida-king-jeff)
4. David Barnett (barnett-david)
5. Julia Barth (barth-julia)
6. Robert Beiko (beiko-robert)
7. Daniel Berner (berner-daniel)
8. Altor Blanco Miguez (blanco-miguez-altor)
9. Magdalena Bohutinska (bohutinska-magdalena)
10. Kirsten Bos (bos-kirsten)
11. Alex Buerkle (buerkle-alex)
12. Bastien Chevreux (chevreux-bastien)
13. Rayan Chikhi (chikhi-rayan)
14. Matthew Christmas (christmas-matthew)
15. Francesco Cicconardi (cicconardi-francesco)
16. Andrew Clark (clark-andrew)
17. Pieter Clauw (clauw-pieter)
18. Vincenza Colonna (colonna-vincenza)
19. Bill Cresko (cresko-bill)
20. Stephen Crotty (crotty-stephen)
21. Michael Cummings (cummings-michael)
22. Petr Danacek (danacek-petr)
23. Mario dos Reis (dos-reis-mario)
24. Johannes Droge (droge-johannes)
25. Alexei Drummond (drummond-alexei)
26. Miroslav Duchoslav (duchoslav-miroslav)
27. Rachael Dudaniec (dudaniec-rachael)
28. Gytis Dudas (dudas-gytis)
29. Richard Durbin (durbin-richard)
30. Sonya Dyhrman (dyhrman-sonya)
31. Evan Eichler (eichler-evan)
32. Daniel Falush (falush-daniel)
33. Rosa Fernandez (fernandez-rosa)
34. Rosa Fernández (fernndez-rosa)
35. Joan Ferrer Obiol (ferrer-obiol-joan)
36. Daniel Fillault (fillault-daniel)
37. Matteo Fumagalli (fumagalli-matteo)
38. Toni Gabaldon (gabaldon-toni)
39. Oscar Gaggiotti (gaggiotti-oscar)
40. Laszlo Garamszegi (garamszegi-laszlo)
41. Manuel Garber (garber-manuel)
42. Jennifer Gardy (gardy-jennifer)
43. Erik Garrison (garrison-erik)
44. Olivier Gascuel (gascuel-olivier)
45. Kirk Gosik (gosik-kirk)
46. Manfred Grabherr (grabherr-manfred)
47. Malachi Griffith (griffith-malachi)
48. Roderic Guido (guido-roderic)
49. Ryan Gutenkurst (gutenkurst-ryan)
50. Brian Haas (haas-brian)
51. Matthew Hahn (hahn-matthew)
52. Neil Hall (hall-neil)
53. Angela Hancock (hancock-angela)
54. Scott Handley (handley-scott)
55. Kelley Harris (harris-kelley)
56. Tracy Heath (heath-tracy)
57. Sarah Hird (hird-sarah)
58. Katharina Hoff (hoff-katharina)
59. Michael Hofreiter (hofreiter-michael)
60. Daniel Huson (huson-daniel)
61. Curtis Huttenhower (huttenhower-curtis)
62. Flora Jay (jay-flora)
63. Chris Jiggins (jiggins-chris)
64. Felicity Jones (jones-felicity)
65. Henrik Kaessman (kaessman-henrik)
66. Sophien Kamoun (kamoun-sophien)
67. Michal Karlicki (karlicki-michal)
68. Anna Karnkowska (karnkowska-anna)
69. Andrew Kern (kern-andrew)
70. Robert Knight (knight-robert)
71. Lacey Knowles (knowles-lacey)
72. Martin Kolisko (kolisko-martin)
73. Thorfinn Korneliussen (korneliussen-thorfinn)
74. Ilya Kosunsky (kosunsky-ilya)
75. Oleksiy Kozlov (kozlov-oleksiy)
76. Alper Kucukural (kucukural-alper)
77. Anders Lanzen (lanzen-anders)
78. Alexander Leonard (leonard-alexander)
79. Antoine Limasset (limasset-antoine)
80. Nick Loman (loman-nick)
81. Eline Lorenzen (lorenzen-eline)
82. Gerton Lunter (lunter-gerton)
83. Fabrizio Mafessoni (mafessoni-fabrizio)
84. Paolo Manghi (manghi-paolo)
85. Simon Martin (martin-simon)
86. Gemma Martinez-Redondo (martinez-redondo-gemma)
87. Alice McHardy (mchardy-alice)
88. Sheldon McKay (mckay-sheldon)
89. Aoife McLysaght (mclysaght-aoife)
90. Paul McMurdie (mcmurdie-paul)
91. Joana Meier (meier-joana)
92. Britta Meyer (meyer-britta)
93. Erin Molloy (molloy-erin)
94. Mercè Montoliu Nerín (montoliu-nern-merc)
95. Jordi Paps Montserrat (montserrat-jordi-paps)
96. Helene Morton (morton-helene)
97. Leonie Moyle (moyle-leonie)
98. Simon Myers (myers-simon)
99. Rasmus Neilsen (neilsen-rasmus)
100. Anton Nekrutenko (nekrutenko-anton)
101. Natalia Nenasheva (nenasheva-natalia)
102. Magnus Nordberg (nordberg-magnus)
103. Patrik Nosil (nosil-patrik)
104. Sergey Nurk (nurk-sergey)
105. Eduard Ocana-Pallares (ocana-pallares-eduard)
106. Huw Ogilvie (ogilvie-huw)
107. Ludovic Orlando (orlando-ludovic)
108. Josephine Paris (paris-josephine)
109. Konrad Paszkiewicz (paszkiewicz-konrad)
110. William Pearson (pearson-william)
111. Katie Peichel (peichel-katie)
112. Valentina Peona (peona-valentina)
113. Velentina Peona (peona-velentina)
114. Martin Petr (petr-martin)
115. Olga Vinnere Pettersson (pettersson-olga-vinnere)
116. Lisa Pokorny (pokorny-lisa)
117. Chris Ponting (ponting-chris)
118. Jasmine Rees (rees-jasmine)
119. Karin Rengefors (rengefors-karin)
120. Naiara Rodriguez Ezpeleta (rodriguez-ezpeleta-naiara)
121. Antonis Rokas (rokas-antonis)
122. Walter Salzburger (salzburger-walter)
123. Christa Schleper (schleper-christa)
124. Doug Scofield (scofield-doug)
125. Celine Scornavacca (scornavacca-celine)
126. Fritz Sedlazeck (sedlazeck-fritz)
127. Derek Setter (setter-derek)
128. Sophie Shaw (shaw-sophie)
129. Karthik Shekhar (shekhar-karthik)
130. Oleg Simakov (simakov-oleg)
131. Zachary Skidmore (skidmore-zachary)
132. Vitor Sousa (sousa-vitor)
133. Leo Speidel (speidel-leo)
134. Jason Stajich (stajich-jason)
135. Mario Stanke (stanke-mario)
136. Jacob Steenwyk (steenwyk-jacob)
137. Karin Steffen (steffen-karin)
138. Jan Stefka (stefka-jan)
139. Ramunas Stepanauskas (stepanauskas-ramunas)
140. Rachel Steward (steward-rachel)
141. Alexander Suh (suh-alexander)
142. David Swofford (swofford-david)
143. Gergely Szollosi (szollosi-gergely)
144. Hannah Tavalire (tavalire-hannah)
145. James Taylor (taylor-james)
146. Emiliano Trucchi (trucchi-emiliano)
147. Gosia Trynka (trynka-gosia)
148. Georgia Tsambos (tsambos-georgia)
149. Marcela Uliano-Silva (uliano-silva-marcela)
150. Tobias Uller (uller-tobias)
151. Tim Vaughan (vaughan-tim)
152. Yoshiki Vazquez-Baeza (vazquez-baeza-yoshiki)
153. Elin Videvall (videvall-elin)
154. Robert Waterhouse (waterhouse-robert)
155. Michael Westbury (westbury-michael)
156. Chris Wheat (wheat-chris)
157. James Whiting (whiting-james)
158. Amy Willis (willis-amy)
159. Tanja Woyke (woyke-tanja)
160. Kelly Wrighton (wrighton-kelly)
161. Xiaofen Zhou (zhou-xiaofen)
162. Mike Zody (zody-mike)